{"cameraMode":{"drawMode":0,"name":"Shaded","section":"Shading Mode"},"sceneLighting":true,"audioPlay":false,"sceneViewState":{"showFog":true,"showMaterialUpdate":false,"showSkybox":true,"showFlares":true,"showImageEffects":true,"showParticleSystems":true},"in2DMode":false,"pivot":{"x":-36.84436798095703,"y":24.10480499267578,"z":-60.279544830322269},"rotation":{"x":0.06253580749034882,"y":-0.8700465559959412,"z":0.11447100341320038,"w":0.47542983293533327},"size":22.150798797607423,"orthographic":false}